epoch,step,test_Energy_MAE,test_Energy_RMSE,test_Force_MAE,test_Force_RMSE,test_Magmom_MAE,test_Magmom_RMSE,test_Stress_MAE,test_Stress_RMSE,test_Total_Loss,train_Energy_MAE,train_Energy_RMSE,train_Force_MAE,train_Force_RMSE,train_Magmom_MAE,train_Magmom_RMSE,train_Stress_MAE,train_Stress_RMSE,train_Total_Loss,val_Energy_MAE,val_Energy_RMSE,val_Force_MAE,val_Force_RMSE,val_Magmom_MAE,val_Magmom_RMSE,val_Stress_MAE,val_Stress_RMSE,val_Total_Loss
0,182,,,,,,,,,,,,,,,,,,,0.20536603033542633,0.2731318473815918,0.3115561902523041,0.5597822666168213,0.0,0.0,0.0,0.0,0.4777529537677765
0,182,,,,,,,,,,1.0886303186416626,1.1456691026687622,0.28975582122802734,0.5169887542724609,0.0,0.0,0.0,0.0,9.07270336151123,,,,,,,,,
1,365,,,,,,,,,,,,,,,,,,,0.17301806807518005,0.2472093254327774,0.30384203791618347,0.5251777172088623,0.0,0.0,0.0,0.0,0.4218430519104004
1,365,,,,,,,,,,0.17250213027000427,0.2432761937379837,0.29949262738227844,0.4993496239185333,0.0,0.0,0.0,0.0,0.33700525760650635,,,,,,,,,
2,548,,,,,,,,,,,,,,,,,,,0.13850301504135132,0.2191571146249771,0.2920069396495819,0.4651801288127899,0.0,0.0,0.0,0.0,0.2898781895637512
2,548,,,,,,,,,,0.14504052698612213,0.2172987312078476,0.29210469126701355,0.4699449837207794,0.0,0.0,0.0,0.0,0.2879718840122223,,,,,,,,,
3,731,,,,,,,,,,,,,,,,,,,0.11189296841621399,0.19654715061187744,0.2903953194618225,0.4626142084598541,0.0,0.0,0.0,0.0,0.27879762649536133
3,731,,,,,,,,,,0.12307149916887283,0.1906849443912506,0.2834152281284332,0.4405982494354248,0.0,0.0,0.0,0.0,0.2378152757883072,,,,,,,,,
4,914,,,,,,,,,,,,,,,,,,,0.08484803885221481,0.1762046366930008,0.2806200087070465,0.4334681034088135,0.0,0.0,0.0,0.0,0.22581805288791656
4,914,,,,,,,,,,0.10908374190330505,0.17265617847442627,0.2749820351600647,0.4283268451690674,0.0,0.0,0.0,0.0,0.21992404758930206,,,,,,,,,
5,1097,,,,,,,,,,,,,,,,,,,0.07725176960229874,0.15873022377490997,0.267581969499588,0.42768603563308716,0.0,0.0,0.0,0.0,0.22664493322372437
5,1097,,,,,,,,,,0.09217527508735657,0.15033310651779175,0.26464763283729553,0.4095045328140259,0.0,0.0,0.0,0.0,0.19523119926452637,,,,,,,,,
6,1280,,,,,,,,,,,,,,,,,,,0.11706728488206863,0.1423465460538864,0.2501184642314911,0.4001178741455078,0.0,0.0,0.0,0.0,0.19192811846733093
6,1280,,,,,,,,,,0.08338019996881485,0.13317565619945526,0.2484840452671051,0.39106425642967224,0.0,0.0,0.0,0.0,0.17639228701591492,,,,,,,,,
7,1463,,,,,,,,,,,,,,,,,,,0.056281108409166336,0.1022259071469307,0.23260484635829926,0.3670964539051056,0.0,0.0,0.0,0.0,0.1588444709777832
7,1463,,,,,,,,,,0.07224777340888977,0.11304789781570435,0.2342146635055542,0.36437365412712097,0.0,0.0,0.0,0.0,0.1508130580186844,,,,,,,,,
8,1646,,,,,,,,,,,,,,,,,,,0.05548292025923729,0.09115806967020035,0.21348309516906738,0.33575373888015747,0.0,0.0,0.0,0.0,0.1367322951555252
8,1646,,,,,,,,,,0.06433268636465073,0.09446237236261368,0.20798085629940033,0.31910988688468933,0.0,0.0,0.0,0.0,0.11440622806549072,,,,,,,,,
9,1829,,,,,,,,,,,,,,,,,,,0.040274813771247864,0.0723172202706337,0.18901701271533966,0.3026418685913086,0.0,0.0,0.0,0.0,0.1078791692852974
9,1829,,,,,,,,,,0.05428864806890488,0.08119048923254013,0.1919945329427719,0.29282480478286743,0.0,0.0,0.0,0.0,0.09497016668319702,,,,,,,,,
10,2012,,,,,,,,,,,,,,,,,,,0.03826721012592316,0.06152055412530899,0.17077720165252686,0.2665576636791229,0.0,0.0,0.0,0.0,0.08075776696205139
10,2012,,,,,,,,,,0.048927318304777145,0.06937297433614731,0.17484070360660553,0.26516953110694885,0.0,0.0,0.0,0.0,0.07706701010465622,,,,,,,,,
11,2195,,,,,,,,,,,,,,,,,,,0.02532249130308628,0.04715658724308014,0.16458812355995178,0.2498171329498291,0.0,0.0,0.0,0.0,0.06847580522298813
11,2195,,,,,,,,,,0.045460473746061325,0.06058434396982193,0.16402749717235565,0.2456945776939392,0.0,0.0,0.0,0.0,0.0656338781118393,,,,,,,,,
12,2378,,,,,,,,,,,,,,,,,,,0.02485859952867031,0.039002109318971634,0.14600688219070435,0.2212800532579422,0.0,0.0,0.0,0.0,0.05222461372613907
12,2378,,,,,,,,,,0.03876425325870514,0.050763778388500214,0.15108518302440643,0.2240590751171112,0.0,0.0,0.0,0.0,0.05379553884267807,,,,,,,,,
13,2561,,,,,,,,,,,,,,,,,,,0.025905676186084747,0.03828662261366844,0.14632458984851837,0.22529380023479462,0.0,0.0,0.0,0.0,0.05656557157635689
13,2561,,,,,,,,,,0.03378188982605934,0.0456424355506897,0.15338966250419617,0.2282593846321106,0.0,0.0,0.0,0.0,0.05634617432951927,,,,,,,,,
14,2744,,,,,,,,,,,,,,,,,,,0.023943167179822922,0.03564697876572609,0.14221297204494476,0.21478573977947235,0.0,0.0,0.0,0.0,0.05037698522210121
14,2744,,,,,,,,,,0.03134739026427269,0.04071508347988129,0.14000758528709412,0.20755699276924133,0.0,0.0,0.0,0.0,0.04608236253261566,,,,,,,,,
15,2927,,,,,,,,,,,,,,,,,,,0.025757238268852234,0.036213845014572144,0.13916464149951935,0.21111926436424255,0.0,0.0,0.0,0.0,0.04886111989617348
15,2927,,,,,,,,,,0.034388795495033264,0.043165192008018494,0.13590413331985474,0.20076818764209747,0.0,0.0,0.0,0.0,0.043437447398900986,,,,,,,,,
16,3110,,,,,,,,,,,,,,,,,,,0.025564629584550858,0.036452557891607285,0.13280794024467468,0.2300342470407486,0.0,0.0,0.0,0.0,0.08550579845905304
16,3110,,,,,,,,,,0.03156738728284836,0.03986998274922371,0.1331956684589386,0.19652941823005676,0.0,0.0,0.0,0.0,0.04141998663544655,,,,,,,,,
17,3293,,,,,,,,,,,,,,,,,,,0.06526032835245132,0.07360031455755234,0.13251326978206635,0.20797668397426605,0.0,0.0,0.0,0.0,0.0579415038228035
17,3293,,,,,,,,,,0.030410505831241608,0.03852519765496254,0.1333715319633484,0.19749172031879425,0.0,0.0,0.0,0.0,0.042177464812994,,,,,,,,,
18,3476,,,,,,,,,,,,,,,,,,,0.02197561226785183,0.02892562560737133,0.12593325972557068,0.19361485540866852,0.0,0.0,0.0,0.0,0.042598649859428406
18,3476,,,,,,,,,,0.027499891817569733,0.034605152904987335,0.12274600565433502,0.17983584105968475,0.0,0.0,0.0,0.0,0.03416579216718674,,,,,,,,,
19,3659,,,,,,,,,,,,,,,,,,,0.015911782160401344,0.02280331961810589,0.12061528861522675,0.1826642006635666,0.0,0.0,0.0,0.0,0.03720224276185036
19,3659,,,,,,,,,,0.024538807570934296,0.031503234058618546,0.11825408041477203,0.1723700761795044,0.0,0.0,0.0,0.0,0.03120088391005993,,,,,,,,,
20,3842,,,,,,,,,,,,,,,,,,,0.022321535274386406,0.030138228088617325,0.11925114691257477,0.19073615968227386,0.0,0.0,0.0,0.0,0.043620429933071136
20,3842,,,,,,,,,,0.0248809065669775,0.03156467527151108,0.11537759751081467,0.16871970891952515,0.0,0.0,0.0,0.0,0.030073082074522972,,,,,,,,,
21,4025,,,,,,,,,,,,,,,,,,,0.02011309564113617,0.02746136486530304,0.11890491843223572,0.18081720173358917,0.0,0.0,0.0,0.0,0.03642066568136215
21,4025,,,,,,,,,,0.0292655061930418,0.03633826971054077,0.12020136415958405,0.17807374894618988,0.0,0.0,0.0,0.0,0.03461027145385742,,,,,,,,,
22,4208,,,,,,,,,,,,,,,,,,,0.01787266694009304,0.02582414075732231,0.11294879764318466,0.17807114124298096,0.0,0.0,0.0,0.0,0.03740401566028595
22,4208,,,,,,,,,,0.021077483892440796,0.02794872224330902,0.11092756688594818,0.16245868802070618,0.0,0.0,0.0,0.0,0.027642641216516495,,,,,,,,,
23,4391,,,,,,,,,,,,,,,,,,,0.02640697918832302,0.03323622792959213,0.1081094741821289,0.16628150641918182,0.0,0.0,0.0,0.0,0.03221549838781357
23,4391,,,,,,,,,,0.02091202884912491,0.027562735602259636,0.11092525720596313,0.16259242594242096,0.0,0.0,0.0,0.0,0.027838703244924545,,,,,,,,,
24,4574,,,,,,,,,,,,,,,,,,,0.03092634677886963,0.03471531346440315,0.10665355622768402,0.17323891818523407,0.0,0.0,0.0,0.0,0.04092109575867653
24,4574,,,,,,,,,,0.024276413023471832,0.02999301254749298,0.10733486711978912,0.1566266417503357,0.0,0.0,0.0,0.0,0.02586398832499981,,,,,,,,,
25,4757,,,,,,,,,,,,,,,,,,,0.035493697971105576,0.03901810199022293,0.10585683584213257,0.1659334897994995,0.0,0.0,0.0,0.0,0.03439170494675636
25,4757,,,,,,,,,,0.0184828732162714,0.02461904287338257,0.1039857417345047,0.15154701471328735,0.0,0.0,0.0,0.0,0.023977942764759064,,,,,,,,,
26,4940,,,,,,,,,,,,,,,,,,,0.05607176199555397,0.058047935366630554,0.10309029370546341,0.1589168757200241,0.0,0.0,0.0,0.0,0.03267843276262283
26,4940,,,,,,,,,,0.022070320323109627,0.0276815015822649,0.10095814615488052,0.1474340558052063,0.0,0.0,0.0,0.0,0.0228413138538599,,,,,,,,,
27,5123,,,,,,,,,,,,,,,,,,,0.013708154670894146,0.019209032878279686,0.10840503871440887,0.1639561653137207,0.0,0.0,0.0,0.0,0.031018977984786034
27,5123,,,,,,,,,,0.020705942064523697,0.026277659460902214,0.09993966668844223,0.145708367228508,0.0,0.0,0.0,0.0,0.02226123958826065,,,,,,,,,
28,5306,,,,,,,,,,,,,,,,,,,0.014763851650059223,0.019914858043193817,0.09856974333524704,0.15574008226394653,0.0,0.0,0.0,0.0,0.029348835349082947
28,5306,,,,,,,,,,0.01789243333041668,0.023413073271512985,0.09820634126663208,0.14250405132770538,0.0,0.0,0.0,0.0,0.021133268252015114,,,,,,,,,
29,5489,,,,,,,,,,,,,,,,,,,0.023868897929787636,0.028530845418572426,0.09856515377759933,0.15176603198051453,0.0,0.0,0.0,0.0,0.027329128235578537
29,5489,,,,,,,,,,0.018819564953446388,0.02412661537528038,0.09602494537830353,0.140217587351799,0.0,0.0,0.0,0.0,0.020575018599629402,,,,,,,,,
30,5672,,,,,,,,,,,,,,,,,,,0.0254670362919569,0.02876029722392559,0.09686224907636642,0.15082134306430817,0.0,0.0,0.0,0.0,0.027292003855109215
30,5672,,,,,,,,,,0.017979301512241364,0.02340933121740818,0.09573235362768173,0.13971173763275146,0.0,0.0,0.0,0.0,0.020447080954909325,,,,,,,,,
31,5855,,,,,,,,,,,,,,,,,,,0.012095317244529724,0.016842646524310112,0.09562557190656662,0.15190604329109192,0.0,0.0,0.0,0.0,0.02887875586748123
31,5855,,,,,,,,,,0.017144015058875084,0.022548170760273933,0.09406332671642303,0.13763682544231415,0.0,0.0,0.0,0.0,0.019820109009742737,,,,,,,,,
32,6038,,,,,,,,,,,,,,,,,,,0.016057146713137627,0.02269192785024643,0.09463170915842056,0.15084581077098846,0.0,0.0,0.0,0.0,0.02898980863392353
32,6038,,,,,,,,,,0.01671515218913555,0.021710285916924477,0.09067291021347046,0.13269558548927307,0.0,0.0,0.0,0.0,0.01830114983022213,,,,,,,,,
33,6221,,,,,,,,,,,,,,,,,,,0.011496108956634998,0.018771609291434288,0.0925293117761612,0.1455255001783371,0.0,0.0,0.0,0.0,0.025288714095950127
33,6221,,,,,,,,,,0.014570871368050575,0.019781464710831642,0.0890657976269722,0.13046784698963165,0.0,0.0,0.0,0.0,0.017640559002757072,,,,,,,,,
34,6404,,,,,,,,,,,,,,,,,,,0.011598793789744377,0.017609020695090294,0.09541632980108261,0.1479848027229309,0.0,0.0,0.0,0.0,0.025463201105594635
34,6404,,,,,,,,,,0.014048523269593716,0.019223514944314957,0.08837791532278061,0.12930229306221008,0.0,0.0,0.0,0.0,0.017292771488428116,,,,,,,,,
35,6587,,,,,,,,,,,,,,,,,,,0.01348149124532938,0.019131796434521675,0.09059938043355942,0.14234530925750732,0.0,0.0,0.0,0.0,0.02440772019326687
35,6587,,,,,,,,,,0.015434486791491508,0.02075386978685856,0.08936591446399689,0.13167551159858704,0.0,0.0,0.0,0.0,0.01809023879468441,,,,,,,,,
36,6770,,,,,,,,,,,,,,,,,,,0.014787704683840275,0.02070631831884384,0.09360118955373764,0.14369387924671173,0.0,0.0,0.0,0.0,0.024336962029337883
36,6770,,,,,,,,,,0.013159486465156078,0.018261047080159187,0.0870782658457756,0.12857745587825775,0.0,0.0,0.0,0.0,0.017102418467402458,,,,,,,,,
37,6953,,,,,,,,,,,,,,,,,,,0.01071393396705389,0.015496978536248207,0.08968836814165115,0.1394556164741516,0.0,0.0,0.0,0.0,0.022742515429854393
37,6953,,,,,,,,,,0.013238576240837574,0.018327008932828903,0.08568625897169113,0.12597815692424774,0.0,0.0,0.0,0.0,0.01640448532998562,,,,,,,,,
38,7136,,,,,,,,,,,,,,,,,,,0.01224835030734539,0.01711871474981308,0.08745267242193222,0.13822461664676666,0.0,0.0,0.0,0.0,0.02282191626727581
38,7136,,,,,,,,,,0.01257665827870369,0.017485735937952995,0.0840873196721077,0.12404251098632812,0.0,0.0,0.0,0.0,0.01583060994744301,,,,,,,,,
39,7319,,,,,,,,,,,,,,,,,,,0.01585710421204567,0.019974319264292717,0.08788268268108368,0.1389031559228897,0.0,0.0,0.0,0.0,0.023462511599063873
39,7319,,,,,,,,,,0.013317357748746872,0.018182702362537384,0.0831831693649292,0.12287452816963196,0.0,0.0,0.0,0.0,0.015592335723340511,,,,,,,,,
40,7502,,,,,,,,,,,,,,,,,,,0.0107507836073637,0.015797514468431473,0.08615051209926605,0.13643980026245117,0.0,0.0,0.0,0.0,0.022178644314408302
40,7502,,,,,,,,,,0.011951006017625332,0.01677781715989113,0.08238888531923294,0.12179429084062576,0.0,0.0,0.0,0.0,0.015283076092600822,,,,,,,,,
41,7685,,,,,,,,,,,,,,,,,,,0.023500461131334305,0.027130937203764915,0.0866796225309372,0.13652940094470978,0.0,0.0,0.0,0.0,0.02263236977159977
41,7685,,,,,,,,,,0.012014358304440975,0.01673971302807331,0.08172772079706192,0.12090153992176056,0.0,0.0,0.0,0.0,0.015079393051564693,,,,,,,,,
42,7868,,,,,,,,,,,,,,,,,,,0.010195031762123108,0.015489260666072369,0.0848870724439621,0.13493794202804565,0.0,0.0,0.0,0.0,0.021590273827314377
42,7868,,,,,,,,,,0.012190443463623524,0.016973791643977165,0.08141539245843887,0.12062427401542664,0.0,0.0,0.0,0.0,0.014989666640758514,,,,,,,,,
43,8051,,,,,,,,,,,,,,,,,,,0.010902855545282364,0.016594169661402702,0.08561968058347702,0.13504278659820557,0.0,0.0,0.0,0.0,0.02162572368979454
43,8051,,,,,,,,,,0.011170731857419014,0.015902746468782425,0.08070795238018036,0.11983300745487213,0.0,0.0,0.0,0.0,0.014782048761844635,,,,,,,,,
44,8234,,,,,,,,,,,,,,,,,,,0.012280205264687538,0.016413884237408638,0.08464276790618896,0.13338640332221985,0.0,0.0,0.0,0.0,0.020904280245304108
44,8234,,,,,,,,,,0.010910904966294765,0.015576320700347424,0.08035316318273544,0.11925419420003891,0.0,0.0,0.0,0.0,0.01460911612957716,,,,,,,,,
45,8417,,,,,,,,,,,,,,,,,,,0.01041464228183031,0.015109497122466564,0.08406838774681091,0.13304147124290466,0.0,0.0,0.0,0.0,0.020856624469161034
45,8417,,,,,,,,,,0.010822123847901821,0.015509767457842827,0.07971949130296707,0.11860600113868713,0.0,0.0,0.0,0.0,0.014459099620580673,,,,,,,,,
46,8600,,,,,,,,,,,,,,,,,,,0.011840568855404854,0.016631491482257843,0.08372686058282852,0.13287144899368286,0.0,0.0,0.0,0.0,0.020826498046517372
46,8600,,,,,,,,,,0.010605617426335812,0.015138830058276653,0.07934582978487015,0.11813510209321976,0.0,0.0,0.0,0.0,0.01432361826300621,,,,,,,,,
47,8783,,,,,,,,,,,,,,,,,,,0.011121237650513649,0.015043801628053188,0.08366509526968002,0.132582426071167,0.0,0.0,0.0,0.0,0.020729782059788704
47,8783,,,,,,,,,,0.010498397052288055,0.015128260478377342,0.07919257134199142,0.11819417774677277,0.0,0.0,0.0,0.0,0.01431884802877903,,,,,,,,,
48,8966,,,,,,,,,,,,,,,,,,,0.011447956785559654,0.015426935628056526,0.08315566927194595,0.13224169611930847,0.0,0.0,0.0,0.0,0.020675966516137123
48,8966,,,,,,,,,,0.010502533987164497,0.014947913587093353,0.0791073590517044,0.11781385540962219,0.0,0.0,0.0,0.0,0.014263144694268703,,,,,,,,,
49,9149,,,,,,,,,,,,,,,,,,,0.009873224422335625,0.015384737402200699,0.08306379616260529,0.13212832808494568,0.0,0.0,0.0,0.0,0.02058131992816925
49,9149,,,,,,,,,,0.01057577133178711,0.015034472569823265,0.07883843779563904,0.11760979890823364,0.0,0.0,0.0,0.0,0.014198921620845795,,,,,,,,,
50,9332,,,,,,,,,,,,,,,,,,,0.010128122754395008,0.014885786920785904,0.08298426866531372,0.13191646337509155,0.0,0.0,0.0,0.0,0.020479008555412292
50,9332,,,,,,,,,,0.010512884706258774,0.015000558458268642,0.07874972373247147,0.11753924936056137,0.0,0.0,0.0,0.0,0.01418715063482523,,,,,,,,,
51,9515,,,,,,,,,,,,,,,,,,,0.01075533963739872,0.014939411543309689,0.08288908749818802,0.1318838894367218,0.0,0.0,0.0,0.0,0.020484810695052147
51,9515,,,,,,,,,,0.010391159914433956,0.014927768148481846,0.07881656289100647,0.11756687611341476,0.0,0.0,0.0,0.0,0.014189089648425579,,,,,,,,,
52,9698,,,,,,,,,,,,,,,,,,,0.010232001543045044,0.01495154295116663,0.08283834159374237,0.13172219693660736,0.0,0.0,0.0,0.0,0.020416462793946266
52,9698,,,,,,,,,,0.010485921986401081,0.015004306100308895,0.07878775149583817,0.11737732589244843,0.0,0.0,0.0,0.0,0.014159576036036015,,,,,,,,,
53,9881,,,,,,,,,,,,,,,,,,,0.010966228321194649,0.015049055218696594,0.08301634341478348,0.13173511624336243,0.0,0.0,0.0,0.0,0.020450541749596596
53,9881,,,,,,,,,,0.010541344992816448,0.015069982036948204,0.07888556271791458,0.11748954653739929,0.0,0.0,0.0,0.0,0.014184936881065369,,,,,,,,,
54,10064,,,,,,,,,,,,,,,,,,,0.010793189518153667,0.014963221736252308,0.08350177854299545,0.13215865194797516,0.0,0.0,0.0,0.0,0.02063143253326416
54,10064,,,,,,,,,,0.010996670462191105,0.015539850108325481,0.07901595532894135,0.11751943826675415,0.0,0.0,0.0,0.0,0.014216085895895958,,,,,,,,,
55,10247,,,,,,,,,,,,,,,,,,,0.01382393017411232,0.017527371644973755,0.0827777087688446,0.13091281056404114,0.0,0.0,0.0,0.0,0.02007417008280754
55,10247,,,,,,,,,,0.011055322363972664,0.015745319426059723,0.07918745279312134,0.1176186054944992,0.0,0.0,0.0,0.0,0.014228319749236107,,,,,,,,,
56,10430,,,,,,,,,,,,,,,,,,,0.010137800127267838,0.015831852331757545,0.08354029804468155,0.13183964788913727,0.0,0.0,0.0,0.0,0.020370077341794968
56,10430,,,,,,,,,,0.012136783450841904,0.016696033999323845,0.07937110215425491,0.11755308508872986,0.0,0.0,0.0,0.0,0.01425689272582531,,,,,,,,,
57,10613,,,,,,,,,,,,,,,,,,,0.011361123993992805,0.015229443088173866,0.08394883573055267,0.13226884603500366,0.0,0.0,0.0,0.0,0.02082587033510208
57,10613,,,,,,,,,,0.012170626781880856,0.01671380177140236,0.07964805513620377,0.11766128987073898,0.0,0.0,0.0,0.0,0.014271977357566357,,,,,,,,,
58,10796,,,,,,,,,,,,,,,,,,,0.011536149308085442,0.018218060955405235,0.08235953003168106,0.1295768916606903,0.0,0.0,0.0,0.0,0.019500136375427246
58,10796,,,,,,,,,,0.013993670232594013,0.018455645069479942,0.07979203760623932,0.11765996366739273,0.0,0.0,0.0,0.0,0.014335259795188904,,,,,,,,,
59,10979,,,,,,,,,,,,,,,,,,,0.011057817377150059,0.017249567434191704,0.08296796679496765,0.13072387874126434,0.0,0.0,0.0,0.0,0.020129282027482986
59,10979,,,,,,,,,,0.014044483192265034,0.018582327291369438,0.07994739711284637,0.11770416796207428,0.0,0.0,0.0,0.0,0.014350973069667816,,,,,,,,,
60,11162,,,,,,,,,,,,,,,,,,,0.016945119947195053,0.0213920921087265,0.08456549793481827,0.13056500256061554,0.0,0.0,0.0,0.0,0.01986547000706196
60,11162,,,,,,,,,,0.015837328508496284,0.02025228925049305,0.08018465340137482,0.11760012805461884,0.0,0.0,0.0,0.0,0.014419689774513245,,,,,,,,,
61,11345,,,,,,,,,,,,,,,,,,,0.014906736090779305,0.020729945972561836,0.08732159435749054,0.13475362956523895,0.0,0.0,0.0,0.0,0.02132665552198887
61,11345,,,,,,,,,,0.018845170736312866,0.023156827315688133,0.08168554306030273,0.11917171627283096,0.0,0.0,0.0,0.0,0.014957158826291561,,,,,,,,,
62,11528,,,,,,,,,,,,,,,,,,,0.009680064395070076,0.01458717044442892,0.0826956257224083,0.12888303399085999,0.0,0.0,0.0,0.0,0.01924119144678116
62,11528,,,,,,,,,,0.017756327986717224,0.022308483719825745,0.08212257921695709,0.11974946409463882,0.0,0.0,0.0,0.0,0.015069376677274704,,,,,,,,,
63,11711,,,,,,,,,,,,,,,,,,,0.01050568837672472,0.014534053392708302,0.08242546766996384,0.1275063455104828,0.0,0.0,0.0,0.0,0.018325001001358032
63,11711,,,,,,,,,,0.017910683527588844,0.022159457206726074,0.08019611984491348,0.1171066090464592,0.0,0.0,0.0,0.0,0.01441112905740738,,,,,,,,,
64,11894,,,,,,,,,,,,,,,,,,,0.018372995778918266,0.022537553682923317,0.08173605054616928,0.12565770745277405,0.0,0.0,0.0,0.0,0.017801087349653244
64,11894,,,,,,,,,,0.022447021678090096,0.026263248175382614,0.08184950053691864,0.11901384592056274,0.0,0.0,0.0,0.0,0.01514278445392847,,,,,,,,,
65,12077,,,,,,,,,,,,,,,,,,,0.01602916046977043,0.022902008146047592,0.08353009074926376,0.12798398733139038,0.0,0.0,0.0,0.0,0.018895894289016724
65,12077,,,,,,,,,,0.02330479770898819,0.027754226699471474,0.08279240876436234,0.119874007999897,0.0,0.0,0.0,0.0,0.015467537567019463,,,,,,,,,
66,12260,,,,,,,,,,,,,,,,,,,0.029205534607172012,0.03306914493441582,0.09280643612146378,0.14175564050674438,0.0,0.0,0.0,0.0,0.023752259090542793
66,12260,,,,,,,,,,0.020848501473665237,0.024949103593826294,0.08047086745500565,0.11715053766965866,0.0,0.0,0.0,0.0,0.014642180874943733,,,,,,,,,
67,12443,,,,,,,,,,,,,,,,,,,0.023131590336561203,0.028475061058998108,0.09223850816488266,0.1433885395526886,0.0,0.0,0.0,0.0,0.02627764269709587
67,12443,,,,,,,,,,0.022742224857211113,0.02715962938964367,0.08512545377016068,0.12349606305360794,0.0,0.0,0.0,0.0,0.016405072063207626,,,,,,,,,
68,12626,,,,,,,,,,,,,,,,,,,0.029185336083173752,0.03966694325208664,0.17042993009090424,0.2590048313140869,0.0,0.0,0.0,0.0,0.07647577673196793
68,12626,,,,,,,,,,0.045106954872608185,0.055685777217149734,0.1351579874753952,0.20343241095542908,0.0,0.0,0.0,0.0,0.058117058128118515,,,,,,,,,
69,12809,,,,,,,,,,,,,,,,,,,0.014554042369127274,0.01917445845901966,0.09313350170850754,0.14999578893184662,0.0,0.0,0.0,0.0,0.0293631162494421
69,12809,,,,,,,,,,0.019219916313886642,0.026301519945263863,0.11610103398561478,0.16975300014019012,0.0,0.0,0.0,0.0,0.030829470604658127,,,,,,,,,
70,12992,,,,,,,,,,,,,,,,,,,0.010545779019594193,0.015396258793771267,0.08508826792240143,0.13639844954013824,0.0,0.0,0.0,0.0,0.023664800450205803
70,12992,,,,,,,,,,0.016544321551918983,0.021434571593999863,0.08583785593509674,0.12566602230072021,0.0,0.0,0.0,0.0,0.016540925949811935,,,,,,,,,
71,13175,,,,,,,,,,,,,,,,,,,0.026539180427789688,0.029041612520813942,0.08499403297901154,0.13351517915725708,0.0,0.0,0.0,0.0,0.02273149974644184
71,13175,,,,,,,,,,0.020608406513929367,0.025053059682250023,0.08308697491884232,0.121285580098629,0.0,0.0,0.0,0.0,0.015615725889801979,,,,,,,,,
72,13358,,,,,,,,,,,,,,,,,,,0.019382748752832413,0.023281479254364967,0.08609870821237564,0.13118892908096313,0.0,0.0,0.0,0.0,0.020402945578098297
72,13358,,,,,,,,,,0.0238580834120512,0.027945280075073242,0.08148198574781418,0.11832188069820404,0.0,0.0,0.0,0.0,0.015120011754333973,,,,,,,,,
73,13541,,,,,,,,,,,,,,,,,,,0.012808714061975479,0.02032448723912239,0.09766150265932083,0.14558713138103485,0.0,0.0,0.0,0.0,0.02477898634970188
73,13541,,,,,,,,,,0.024920299649238586,0.02928614430129528,0.08222595602273941,0.11872095614671707,0.0,0.0,0.0,0.0,0.015286599285900593,,,,,,,,,
74,13724,,,,,,,,,,,,,,,,,,,0.028336824849247932,0.032588742673397064,0.09216994047164917,0.14657938480377197,0.0,0.0,0.0,0.0,0.028563331812620163
74,13724,,,,,,,,,,0.030246224254369736,0.035349100828170776,0.0941825807094574,0.13566337525844574,0.0,0.0,0.0,0.0,0.02076723612844944,,,,,,,,,
75,13907,,,,,,,,,,,,,,,,,,,0.013776070438325405,0.020879793912172318,0.12587162852287292,0.17853203415870667,0.0,0.0,0.0,0.0,0.034508004784584045
75,13907,,,,,,,,,,0.02386046014726162,0.028648583218455315,0.08624925464391708,0.1260194629430771,0.0,0.0,0.0,0.0,0.01753774657845497,,,,,,,,,
76,14090,,,,,,,,,,,,,,,,,,,0.024046776816248894,0.02814168855547905,0.0883670225739479,0.13495907187461853,0.0,0.0,0.0,0.0,0.02265237830579281
76,14090,,,,,,,,,,0.02626143954694271,0.03082152083516121,0.08712159097194672,0.12553037703037262,0.0,0.0,0.0,0.0,0.017255976796150208,,,,,,,,,
77,14273,,,,,,,,,,,,,,,,,,,0.019196433946490288,0.027318166568875313,0.0995064303278923,0.15942911803722382,0.0,0.0,0.0,0.0,0.038758158683776855
77,14273,,,,,,,,,,0.02614099532365799,0.031095484271645546,0.08991257101297379,0.12898822128772736,0.0,0.0,0.0,0.0,0.018214339390397072,,,,,,,,,
78,14456,,,,,,,,,,,,,,,,,,,0.01634220965206623,0.020120006054639816,0.09588487446308136,0.1547425538301468,0.0,0.0,0.0,0.0,0.037830498069524765
78,14456,,,,,,,,,,0.026789717376232147,0.03135162219405174,0.08469533920288086,0.1230970099568367,0.0,0.0,0.0,0.0,0.016658736392855644,,,,,,,,,
79,14639,,,,,,,,,,,,,,,,,,,0.028284277766942978,0.03352753072977066,0.1429031640291214,0.2321089208126068,0.0,0.0,0.0,0.0,0.06999369710683823
79,14639,,,,,,,,,,0.0768183022737503,0.10158099234104156,0.18827968835830688,0.2882590889930725,0.0,0.0,0.0,0.0,0.11366166174411774,,,,,,,,,
80,14822,,,,,,,,,,,,,,,,,,,0.02296154946088791,0.02822992019355297,0.10939132422208786,0.16888123750686646,0.0,0.0,0.0,0.0,0.03439115360379219
80,14822,,,,,,,,,,0.018412694334983826,0.025396009907126427,0.1170191690325737,0.1709350049495697,0.0,0.0,0.0,0.0,0.03053782880306244,,,,,,,,,
81,15005,,,,,,,,,,,,,,,,,,,0.02190857194364071,0.02857433818280697,0.10828258097171783,0.1728728711605072,0.0,0.0,0.0,0.0,0.03979618474841118
81,15005,,,,,,,,,,0.021506281569600105,0.027799637988209724,0.10761795192956924,0.15733984112739563,0.0,0.0,0.0,0.0,0.02636462077498436,,,,,,,,,
82,15188,,,,,,,,,,,,,,,,,,,0.014333761297166348,0.01917593739926815,0.11660565435886383,0.18051496148109436,0.0,0.0,0.0,0.0,0.04297490790486336
82,15188,,,,,,,,,,0.026272879913449287,0.03321482613682747,0.11347220838069916,0.16705717146396637,0.0,0.0,0.0,0.0,0.03137778118252754,,,,,,,,,
83,15371,,,,,,,,,,,,,,,,,,,0.03704359754920006,0.039398811757564545,0.10585962980985641,0.1598806232213974,0.0,0.0,0.0,0.0,0.032599352300167084
83,15371,,,,,,,,,,0.020673789083957672,0.025810329243540764,0.09708725661039352,0.14120244979858398,0.0,0.0,0.0,0.0,0.021100178360939026,,,,,,,,,
84,15554,,,,,,,,,,,,,,,,,,,0.010326089337468147,0.015374874696135521,0.10092038661241531,0.15283112227916718,0.0,0.0,0.0,0.0,0.028529062867164612
84,15554,,,,,,,,,,0.022126561030745506,0.028118126094341278,0.09799942374229431,0.14334236085414886,0.0,0.0,0.0,0.0,0.02219495363533497,,,,,,,,,
85,15737,,,,,,,,,,,,,,,,,,,0.010454888455569744,0.015381891280412674,0.0924648642539978,0.14606699347496033,0.0,0.0,0.0,0.0,0.028017371892929077
85,15737,,,,,,,,,,0.02452315017580986,0.029708415269851685,0.09287592768669128,0.13493181765079498,0.0,0.0,0.0,0.0,0.01967156119644642,,,,,,,,,
86,15920,,,,,,,,,,,,,,,,,,,0.03036593273282051,0.03374723345041275,0.10002733021974564,0.16066676378250122,0.0,0.0,0.0,0.0,0.03745407611131668
86,15920,,,,,,,,,,0.023274412378668785,0.027883317321538925,0.09022421389818192,0.12957912683486938,0.0,0.0,0.0,0.0,0.017937559634447098,,,,,,,,,
87,16103,,,,,,,,,,,,,,,,,,,0.03191796690225601,0.047288522124290466,0.15255816280841827,0.23724365234375,0.0,0.0,0.0,0.0,0.07914397120475769
87,16103,,,,,,,,,,0.03324798867106438,0.040414705872535706,0.11282029747962952,0.1679866760969162,0.0,0.0,0.0,0.0,0.03267610818147659,,,,,,,,,
88,16286,,,,,,,,,,,,,,,,,,,0.015168474055826664,0.021440578624606133,0.10201472789049149,0.16212348639965057,0.0,0.0,0.0,0.0,0.03246742859482765
88,16286,,,,,,,,,,0.047721415758132935,0.05795307084918022,0.14334248006343842,0.2159029096364975,0.0,0.0,0.0,0.0,0.05904173105955124,,,,,,,,,
89,16469,,,,,,,,,,,,,,,,,,,0.02154570072889328,0.026973117142915726,0.09789125621318817,0.1488173007965088,0.0,0.0,0.0,0.0,0.024949083104729652
89,16469,,,,,,,,,,0.026130033656954765,0.03327495604753494,0.10902555286884308,0.16222147643566132,0.0,0.0,0.0,0.0,0.02873828448355198,,,,,,,,,
90,16652,,,,,,,,,,,,,,,,,,,0.05545208975672722,0.05766849219799042,0.09604005515575409,0.14854249358177185,0.0,0.0,0.0,0.0,0.029218129813671112
90,16652,,,,,,,,,,0.02346843294799328,0.02945159375667572,0.10162840783596039,0.14826223254203796,0.0,0.0,0.0,0.0,0.023948166519403458,,,,,,,,,
91,16835,,,,,,,,,,,,,,,,,,,0.038139816373586655,0.04101621359586716,0.10423144698143005,0.17010372877120972,0.0,0.0,0.0,0.0,0.036592576652765274
91,16835,,,,,,,,,,0.029031042009592056,0.03600768372416496,0.11095932126045227,0.1635436862707138,0.0,0.0,0.0,0.0,0.030401162803173065,,,,,,,,,
92,17018,,,,,,,,,,,,,,,,,,,0.0111142098903656,0.01730952598154545,0.08712778985500336,0.14151723682880402,0.0,0.0,0.0,0.0,0.028375128284096718
92,17018,,,,,,,,,,0.01941673457622528,0.024676432833075523,0.08951891958713531,0.13170230388641357,0.0,0.0,0.0,0.0,0.018429845571517944,,,,,,,,,
93,17201,,,,,,,,,,,,,,,,,,,0.03578243777155876,0.038272928446531296,0.08639971911907196,0.13409626483917236,0.0,0.0,0.0,0.0,0.023534633219242096
93,17201,,,,,,,,,,0.0206388458609581,0.025220783427357674,0.0835472121834755,0.1217140182852745,0.0,0.0,0.0,0.0,0.01575171761214733,,,,,,,,,
94,17384,,,,,,,,,,,,,,,,,,,0.02846137434244156,0.0390392541885376,0.12360616773366928,0.17877928912639618,0.0,0.0,0.0,0.0,0.03728368505835533
94,17384,,,,,,,,,,0.022408567368984222,0.026570482179522514,0.08332598209381104,0.12015901505947113,0.0,0.0,0.0,0.0,0.015460966154932976,,,,,,,,,
95,17567,,,,,,,,,,,,,,,,,,,0.011655198410153389,0.01667342334985733,0.09264081716537476,0.15878070890903473,0.0,0.0,0.0,0.0,0.038584694266319275
95,17567,,,,,,,,,,0.0420997254550457,0.05254057049751282,0.13130173087120056,0.19544264674186707,0.0,0.0,0.0,0.0,0.048598166555166245,,,,,,,,,
96,17750,,,,,,,,,,,,,,,,,,,0.019287021830677986,0.023783329874277115,0.09588833153247833,0.15060128271579742,0.0,0.0,0.0,0.0,0.029071221128106117
96,17750,,,,,,,,,,0.022071249783039093,0.028077835217118263,0.09341703355312347,0.13998468220233917,0.0,0.0,0.0,0.0,0.02165376953780651,,,,,,,,,
97,17933,,,,,,,,,,,,,,,,,,,0.014881414361298084,0.020698558539152145,0.09082172811031342,0.15080535411834717,0.0,0.0,0.0,0.0,0.03476354852318764
97,17933,,,,,,,,,,0.029029861092567444,0.03506384789943695,0.09611067175865173,0.14256301522254944,0.0,0.0,0.0,0.0,0.023438436910510063,,,,,,,,,
98,18116,,,,,,,,,,,,,,,,,,,0.011142659932374954,0.016538284718990326,0.08645980805158615,0.13740651309490204,0.0,0.0,0.0,0.0,0.024096952751278877
98,18116,,,,,,,,,,0.022194411605596542,0.0270066075026989,0.0847405195236206,0.12448228895664215,0.0,0.0,0.0,0.0,0.01676400937139988,,,,,,,,,
99,18299,,,,,,,,,,,,,,,,,,,0.020537737756967545,0.030307546257972717,0.09687700122594833,0.16172678768634796,0.0,0.0,0.0,0.0,0.03755860775709152
99,18299,,,,,,,,,,0.02000129595398903,0.02550448663532734,0.08619953691959381,0.1268603503704071,0.0,0.0,0.0,0.0,0.01730424538254738,,,,,,,,,
100,18482,,,,,,,,,,,,,,,,,,,0.015390744432806969,0.027481943368911743,0.1441625952720642,0.23619583249092102,0.0,0.0,0.0,0.0,0.07512833178043365
100,18482,,,,,,,,,,0.051646195352077484,0.06538981944322586,0.14168953895568848,0.2158462405204773,0.0,0.0,0.0,0.0,0.06636162102222443,,,,,,,,,
101,18665,,,,,,,,,,,,,,,,,,,0.05750729888677597,0.08832602202892303,0.1681649535894394,0.28960296511650085,0.0,0.0,0.0,0.0,0.12016577273607254
101,18665,,,,,,,,,,0.023487567901611328,0.030668891966342926,0.10999907553195953,0.16523349285125732,0.0,0.0,0.0,0.0,0.03011998161673546,,,,,,,,,
102,18848,,,,,,,,,,,,,,,,,,,0.019703011959791183,0.023837164044380188,0.11253772675991058,0.16981631517410278,0.0,0.0,0.0,0.0,0.035749953240156174
102,18848,,,,,,,,,,0.030193960294127464,0.037307292222976685,0.10658813267946243,0.1584356725215912,0.0,0.0,0.0,0.0,0.029679400846362114,,,,,,,,,
103,19031,,,,,,,,,,,,,,,,,,,0.03829995542764664,0.043364018201828,0.09470715373754501,0.14395397901535034,0.0,0.0,0.0,0.0,0.026065509766340256
103,19031,,,,,,,,,,0.016903307288885117,0.02208385057747364,0.08518074452877045,0.12536633014678955,0.0,0.0,0.0,0.0,0.016706716269254684,,,,,,,,,
104,19214,,,,,,,,,,,,,,,,,,,0.014904034323990345,0.02177250012755394,0.08059390634298325,0.1316654235124588,0.0,0.0,0.0,0.0,0.024312924593687057
104,19214,,,,,,,,,,0.017514202743768692,0.02230636402964592,0.08181509375572205,0.11965522170066833,0.0,0.0,0.0,0.0,0.015203692950308323,,,,,,,,,
105,19397,,,,,,,,,,,,,,,,,,,0.0319371335208416,0.035012178122997284,0.08847728371620178,0.13263960182666779,0.0,0.0,0.0,0.0,0.021769806742668152
105,19397,,,,,,,,,,0.016645625233650208,0.020885763689875603,0.07517407089471817,0.11025480180978775,0.0,0.0,0.0,0.0,0.012873472645878792,,,,,,,,,
106,19580,,,,,,,,,,,,,,,,,,,0.026600109413266182,0.03040749579668045,0.08841996639966965,0.13628284633159637,0.0,0.0,0.0,0.0,0.0241524800658226
106,19580,,,,,,,,,,0.021734025329351425,0.02616465650498867,0.07981879264116287,0.11715822666883469,0.0,0.0,0.0,0.0,0.014932362362742424,,,,,,,,,
107,19763,,,,,,,,,,,,,,,,,,,0.01158621534705162,0.017161836847662926,0.08150407671928406,0.14354167878627777,0.0,0.0,0.0,0.0,0.04011685028672218
107,19763,,,,,,,,,,0.022580798715353012,0.027500048279762268,0.08088768273591995,0.11902175098657608,0.0,0.0,0.0,0.0,0.015614403411746025,,,,,,,,,
108,19946,,,,,,,,,,,,,,,,,,,0.032681502401828766,0.04098819941282272,0.09346675872802734,0.15926332771778107,0.0,0.0,0.0,0.0,0.03806466609239578
108,19946,,,,,,,,,,0.017511000856757164,0.022123796865344048,0.07657609134912491,0.11270399391651154,0.0,0.0,0.0,0.0,0.013670744374394417,,,,,,,,,
109,20129,,,,,,,,,,,,,,,,,,,0.01468194741755724,0.018986813724040985,0.07381643354892731,0.1275939643383026,0.0,0.0,0.0,0.0,0.029499562457203865
109,20129,,,,,,,,,,0.020761122927069664,0.02519047074019909,0.07646118849515915,0.11200593411922455,0.0,0.0,0.0,0.0,0.0136713907122612,,,,,,,,,
110,20312,,,,,,,,,,,,,,,,,,,0.016886116936802864,0.020003411918878555,0.07522834092378616,0.12343689799308777,0.0,0.0,0.0,0.0,0.022595029324293137
110,20312,,,,,,,,,,0.021485041826963425,0.025821516290307045,0.07560212910175323,0.11027079075574875,0.0,0.0,0.0,0.0,0.013417248614132404,,,,,,,,,
111,20495,,,,,,,,,,,,,,,,,,,0.012948062270879745,0.01846081018447876,0.09483877569437027,0.15616363286972046,0.0,0.0,0.0,0.0,0.03670414909720421
111,20495,,,,,,,,,,0.04512445256114006,0.056295230984687805,0.12642669677734375,0.1894502490758896,0.0,0.0,0.0,0.0,0.049932289868593216,,,,,,,,,
112,20678,,,,,,,,,,,,,,,,,,,0.01133172307163477,0.017614277079701424,0.07832380384206772,0.13471028208732605,0.0,0.0,0.0,0.0,0.02965668775141239
112,20678,,,,,,,,,,0.013027426786720753,0.017937367781996727,0.07806290686130524,0.11428295075893402,0.0,0.0,0.0,0.0,0.013623085804283619,,,,,,,,,
113,20861,,,,,,,,,,,,,,,,,,,0.016387976706027985,0.02007971704006195,0.08041346073150635,0.13281290233135223,0.0,0.0,0.0,0.0,0.02892342582345009
113,20861,,,,,,,,,,0.013350680470466614,0.01773649826645851,0.07201524823904037,0.10550017654895782,0.0,0.0,0.0,0.0,0.011644809506833553,,,,,,,,,
114,21044,,,,,,,,,,,,,,,,,,,0.02069970779120922,0.02360527217388153,0.07256690412759781,0.12721648812294006,0.0,0.0,0.0,0.0,0.031517770141363144
114,21044,,,,,,,,,,0.014938971027731895,0.019055111333727837,0.06980393826961517,0.10186828672885895,0.0,0.0,0.0,0.0,0.010924280621111393,,,,,,,,,
115,21227,,,,,,,,,,,,,,,,,,,0.024776244536042213,0.028551548719406128,0.08105306327342987,0.13123849034309387,0.0,0.0,0.0,0.0,0.025772593915462494
115,21227,,,,,,,,,,0.016265084967017174,0.020241303369402885,0.0684884712100029,0.10055357217788696,0.0,0.0,0.0,0.0,0.010786102153360844,,,,,,,,,
116,21410,,,,,,,,,,,,,,,,,,,0.015493212267756462,0.018648315221071243,0.06710535287857056,0.11884836107492447,0.0,0.0,0.0,0.0,0.026262132450938225
116,21410,,,,,,,,,,0.019252123311161995,0.023726308718323708,0.0756252259016037,0.11063995212316513,0.0,0.0,0.0,0.0,0.013497807085514069,,,,,,,,,
117,21593,,,,,,,,,,,,,,,,,,,0.03376953676342964,0.03690130636096001,0.07214954495429993,0.11858067661523819,0.0,0.0,0.0,0.0,0.022360237315297127
117,21593,,,,,,,,,,0.013238618150353432,0.016913825646042824,0.06404716521501541,0.09438126534223557,0.0,0.0,0.0,0.0,0.009344043210148811,,,,,,,,,
118,21776,,,,,,,,,,,,,,,,,,,0.022508494555950165,0.02593591809272766,0.07652667164802551,0.1276099532842636,0.0,0.0,0.0,0.0,0.027219397947192192
118,21776,,,,,,,,,,0.016124963760375977,0.02005675807595253,0.06811407953500748,0.09940741956233978,0.0,0.0,0.0,0.0,0.010635480284690857,,,,,,,,,
119,21959,,,,,,,,,,,,,,,,,,,0.02318190596997738,0.025219086557626724,0.0814884677529335,0.13088132441043854,0.0,0.0,0.0,0.0,0.024449827149510384
119,21959,,,,,,,,,,0.01834765635430813,0.02289022132754326,0.07207240164279938,0.10673852264881134,0.0,0.0,0.0,0.0,0.012843367643654346,,,,,,,,,
120,22142,,,,,,,,,,,,,,,,,,,0.007788034621626139,0.012085240334272385,0.06889929622411728,0.11734045296907425,0.0,0.0,0.0,0.0,0.02435382269322872
120,22142,,,,,,,,,,0.012755859643220901,0.016782179474830627,0.0644981786608696,0.09486708045005798,0.0,0.0,0.0,0.0,0.00951393786817789,,,,,,,,,
121,22325,,,,,,,,,,,,,,,,,,,0.015266910195350647,0.018488654866814613,0.0683055892586708,0.12228281050920486,0.0,0.0,0.0,0.0,0.032345034182071686
121,22325,,,,,,,,,,0.01229393482208252,0.016196129843592644,0.062314700335264206,0.09155315160751343,0.0,0.0,0.0,0.0,0.008850249461829662,,,,,,,,,
122,22508,,,,,,,,,,,,,,,,,,,0.010644536465406418,0.015816939994692802,0.0614120289683342,0.10755492746829987,0.0,0.0,0.0,0.0,0.020395547151565552
122,22508,,,,,,,,,,0.01641618274152279,0.019841374829411507,0.06301777809858322,0.09232854843139648,0.0,0.0,0.0,0.0,0.009184920229017735,,,,,,,,,
123,22691,,,,,,,,,,,,,,,,,,,0.012267782352864742,0.014951868914067745,0.061965037137269974,0.10542427748441696,0.0,0.0,0.0,0.0,0.01796768605709076
123,22691,,,,,,,,,,0.013216652907431126,0.016842059791088104,0.06055879592895508,0.08874556422233582,0.0,0.0,0.0,0.0,0.008361518383026123,,,,,,,,,
124,22874,,,,,,,,,,,,,,,,,,,0.010740689933300018,0.014020552858710289,0.06240873038768768,0.11106624454259872,0.0,0.0,0.0,0.0,0.024003008380532265
124,22874,,,,,,,,,,0.013882997445762157,0.01794120855629444,0.0626433789730072,0.0921202152967453,0.0,0.0,0.0,0.0,0.00920900423079729,,,,,,,,,
125,23057,,,,,,,,,,,,,,,,,,,0.024848638102412224,0.027057195082306862,0.06251002848148346,0.11329227685928345,0.0,0.0,0.0,0.0,0.0272507406771183
125,23057,,,,,,,,,,0.010306254029273987,0.013826558366417885,0.05683065205812454,0.08357615023851395,0.0,0.0,0.0,0.0,0.0072781797498464584,,,,,,,,,
126,23240,,,,,,,,,,,,,,,,,,,0.009950078092515469,0.012847954407334328,0.06063779816031456,0.10929673165082932,0.0,0.0,0.0,0.0,0.02399315871298313
126,23240,,,,,,,,,,0.011264903470873833,0.014619332738220692,0.056879427284002304,0.08309522271156311,0.0,0.0,0.0,0.0,0.007229330949485302,,,,,,,,,
127,23423,,,,,,,,,,,,,,,,,,,0.009724677540361881,0.013278044760227203,0.05920835956931114,0.10815657675266266,0.0,0.0,0.0,0.0,0.02520257979631424
127,23423,,,,,,,,,,0.010148683562874794,0.013333339244127274,0.054333996027708054,0.07993312925100327,0.0,0.0,0.0,0.0,0.00665255868807435,,,,,,,,,
128,23606,,,,,,,,,,,,,,,,,,,0.011471016332507133,0.014353431761264801,0.05839405953884125,0.1057097539305687,0.0,0.0,0.0,0.0,0.02298426628112793
128,23606,,,,,,,,,,0.009697673842310905,0.012982554733753204,0.05411982908844948,0.07931356877088547,0.0,0.0,0.0,0.0,0.0065478174947202206,,,,,,,,,
129,23789,,,,,,,,,,,,,,,,,,,0.00866153184324503,0.01181460078805685,0.06299546360969543,0.10904400795698166,0.0,0.0,0.0,0.0,0.021849138662219048
129,23789,,,,,,,,,,0.012802142649888992,0.016294460743665695,0.05773429945111275,0.08431246131658554,0.0,0.0,0.0,0.0,0.0075687929056584835,,,,,,,,,
130,23972,,,,,,,,,,,,,,,,,,,0.006565607152879238,0.010643511079251766,0.055967699736356735,0.10351137071847916,0.0,0.0,0.0,0.0,0.02333083003759384
130,23972,,,,,,,,,,0.009797010570764542,0.013213315047323704,0.054119717329740524,0.07956373691558838,0.0,0.0,0.0,0.0,0.006607032846659422,,,,,,,,,
131,24155,,,,,,,,,,,,,,,,,,,0.006796150468289852,0.010096106678247452,0.05652516707777977,0.10187733173370361,0.0,0.0,0.0,0.0,0.02104092761874199
131,24155,,,,,,,,,,0.009019512683153152,0.012130169197916985,0.05146568641066551,0.07602392882108688,0.0,0.0,0.0,0.0,0.0059904176741838455,,,,,,,,,
132,24338,,,,,,,,,,,,,,,,,,,0.006812657229602337,0.010243775323033333,0.05534261837601662,0.1023864895105362,0.0,0.0,0.0,0.0,0.02317088097333908
132,24338,,,,,,,,,,0.009394734166562557,0.01235686894506216,0.0513252317905426,0.07554078102111816,0.0,0.0,0.0,0.0,0.005930572748184204,,,,,,,,,
133,24521,,,,,,,,,,,,,,,,,,,0.013200107961893082,0.01717580296099186,0.056149136275053024,0.10208068788051605,0.0,0.0,0.0,0.0,0.021853400394320488
133,24521,,,,,,,,,,0.009014817886054516,0.011881706304848194,0.050870414823293686,0.07478451728820801,0.0,0.0,0.0,0.0,0.005806409288197756,,,,,,,,,
134,24704,,,,,,,,,,,,,,,,,,,0.011790166608989239,0.013455917127430439,0.05451078340411186,0.10101748257875443,0.0,0.0,0.0,0.0,0.02259024605154991
134,24704,,,,,,,,,,0.008263292722404003,0.011232432909309864,0.049709636718034744,0.0734613686800003,0.0,0.0,0.0,0.0,0.005585875827819109,,,,,,,,,
135,24887,,,,,,,,,,,,,,,,,,,0.006872202735394239,0.010080200619995594,0.05361460521817207,0.10131165385246277,0.0,0.0,0.0,0.0,0.02374321222305298
135,24887,,,,,,,,,,0.008309264667332172,0.011242548935115337,0.049743250012397766,0.07352858781814575,0.0,0.0,0.0,0.0,0.005603303667157888,,,,,,,,,
136,25070,,,,,,,,,,,,,,,,,,,0.012201482430100441,0.014033911749720573,0.055343203246593475,0.10156258195638657,0.0,0.0,0.0,0.0,0.022932128980755806
136,25070,,,,,,,,,,0.008722679689526558,0.011622530408203602,0.04929516091942787,0.07290368527173996,0.0,0.0,0.0,0.0,0.005524646025151014,,,,,,,,,
137,25253,,,,,,,,,,,,,,,,,,,0.008706791326403618,0.011425545439124107,0.05240334942936897,0.09964396804571152,0.0,0.0,0.0,0.0,0.023151332512497902
137,25253,,,,,,,,,,0.007400004658848047,0.010321803390979767,0.04830821976065636,0.07152162492275238,0.0,0.0,0.0,0.0,0.005282398778945208,,,,,,,,,
138,25436,,,,,,,,,,,,,,,,,,,0.006915118079632521,0.009585129097104073,0.05235707014799118,0.09891730546951294,0.0,0.0,0.0,0.0,0.022509122267365456
138,25436,,,,,,,,,,0.008004000410437584,0.010830126702785492,0.0476449690759182,0.07083632797002792,0.0,0.0,0.0,0.0,0.0051871598698198795,,,,,,,,,
139,25619,,,,,,,,,,,,,,,,,,,0.006662100087851286,0.009884246625006199,0.052358608692884445,0.09776540845632553,0.0,0.0,0.0,0.0,0.021439380943775177
139,25619,,,,,,,,,,0.007179501000791788,0.010089581832289696,0.04713835194706917,0.07023048400878906,0.0,0.0,0.0,0.0,0.00507906312122941,,,,,,,,,
140,25802,,,,,,,,,,,,,,,,,,,0.0060858712531626225,0.008813298307359219,0.05139791592955589,0.09717142581939697,0.0,0.0,0.0,0.0,0.0213987547904253
140,25802,,,,,,,,,,0.007033481728285551,0.009927613660693169,0.046749264001846313,0.0695943683385849,0.0,0.0,0.0,0.0,0.004995725117623806,,,,,,,,,
141,25985,,,,,,,,,,,,,,,,,,,0.005956765729933977,0.008921111933887005,0.05100468546152115,0.09747929871082306,0.0,0.0,0.0,0.0,0.022232536226511
141,25985,,,,,,,,,,0.006412697024643421,0.009432263672351837,0.046365343034267426,0.06918840110301971,0.0,0.0,0.0,0.0,0.004929594229906797,,,,,,,,,
142,26168,,,,,,,,,,,,,,,,,,,0.006557915359735489,0.009080067276954651,0.050945304334163666,0.09725803881883621,0.0,0.0,0.0,0.0,0.022147653624415398
142,26168,,,,,,,,,,0.006420574150979519,0.009405055083334446,0.04598257690668106,0.06883738934993744,0.0,0.0,0.0,0.0,0.0048730396665632725,,,,,,,,,
143,26351,,,,,,,,,,,,,,,,,,,0.00567533727735281,0.008738696575164795,0.050532251596450806,0.09666596353054047,0.0,0.0,0.0,0.0,0.021787604317069054
143,26351,,,,,,,,,,0.006394408643245697,0.009344440884888172,0.04585084319114685,0.06853008270263672,0.0,0.0,0.0,0.0,0.0048348987475037575,,,,,,,,,
144,26534,,,,,,,,,,,,,,,,,,,0.006233805790543556,0.009075287729501724,0.050439946353435516,0.09692172706127167,0.0,0.0,0.0,0.0,0.022214176133275032
144,26534,,,,,,,,,,0.006273798178881407,0.009238841012120247,0.04557410627603531,0.06824859976768494,0.0,0.0,0.0,0.0,0.004792144522070885,,,,,,,,,
145,26717,,,,,,,,,,,,,,,,,,,0.006460612639784813,0.009100465103983879,0.05036479979753494,0.09680496156215668,0.0,0.0,0.0,0.0,0.022251076996326447
145,26717,,,,,,,,,,0.0061190491542220116,0.009044845588505268,0.04532399773597717,0.0679994449019432,0.0,0.0,0.0,0.0,0.004755695816129446,,,,,,,,,
146,26900,,,,,,,,,,,,,,,,,,,0.0056982096284627914,0.00857830885797739,0.050318583846092224,0.09668741375207901,0.0,0.0,0.0,0.0,0.02208825573325157
146,26900,,,,,,,,,,0.006049554795026779,0.008970174938440323,0.04514297470450401,0.06784013658761978,0.0,0.0,0.0,0.0,0.004725309554487467,,,,,,,,,
147,27083,,,,,,,,,,,,,,,,,,,0.005924844648689032,0.00862398836761713,0.0499507337808609,0.09640403836965561,0.0,0.0,0.0,0.0,0.022145207971334457
147,27083,,,,,,,,,,0.005926245823502541,0.008865701034665108,0.04500079154968262,0.06766213476657867,0.0,0.0,0.0,0.0,0.004699967335909605,,,,,,,,,
148,27266,,,,,,,,,,,,,,,,,,,0.005621745251119137,0.00849621370434761,0.04992537200450897,0.09646851569414139,0.0,0.0,0.0,0.0,0.022303372621536255
148,27266,,,,,,,,,,0.00596113596111536,0.008874540217220783,0.04490434005856514,0.06752969324588776,0.0,0.0,0.0,0.0,0.004686806816607714,,,,,,,,,
149,27449,,,,,,,,,,,,,,,,,,,0.005508141126483679,0.00839516893029213,0.049760110676288605,0.09626660495996475,0.0,0.0,0.0,0.0,0.02212868072092533
149,27449,,,,,,,,,,0.0059369998052716255,0.008867986500263214,0.04478291794657707,0.067470021545887,0.0,0.0,0.0,0.0,0.004668620880693197,,,,,,,,,
150,27632,,,,,,,,,,,,,,,,,,,0.006041049025952816,0.008688222616910934,0.0496782585978508,0.0962655246257782,0.0,0.0,0.0,0.0,0.02221613936126232
150,27632,,,,,,,,,,0.005861551035195589,0.0087679922580719,0.044770147651433945,0.06738504022359848,0.0,0.0,0.0,0.0,0.004667164292186499,,,,,,,,,
151,27815,,,,,,,,,,,,,,,,,,,0.005780795589089394,0.008602558635175228,0.04969175532460213,0.0962270051240921,0.0,0.0,0.0,0.0,0.022170130163431168
151,27815,,,,,,,,,,0.005875057075172663,0.008813967928290367,0.04471854493021965,0.06727789342403412,0.0,0.0,0.0,0.0,0.00465129129588604,,,,,,,,,
152,27998,,,,,,,,,,,,,,,,,,,0.0055762301199138165,0.00852272566407919,0.04979303479194641,0.09634457528591156,0.0,0.0,0.0,0.0,0.02228810079395771
152,27998,,,,,,,,,,0.005905031226575375,0.008813096210360527,0.04477835074067116,0.0673004686832428,0.0,0.0,0.0,0.0,0.004661709535866976,,,,,,,,,
153,28181,,,,,,,,,,,,,,,,,,,0.00636426592245698,0.008953678421676159,0.049751199781894684,0.09605956822633743,0.0,0.0,0.0,0.0,0.022026987746357918
153,28181,,,,,,,,,,0.0060662878677248955,0.008970241993665695,0.044861577451229095,0.06736624240875244,0.0,0.0,0.0,0.0,0.004673574585467577,,,,,,,,,
154,28364,,,,,,,,,,,,,,,,,,,0.005629261024296284,0.008295724168419838,0.04978901147842407,0.09617318212985992,0.0,0.0,0.0,0.0,0.022151270881295204
154,28364,,,,,,,,,,0.006118954624980688,0.009019325487315655,0.04495444893836975,0.06740067154169083,0.0,0.0,0.0,0.0,0.004670602269470692,,,,,,,,,
155,28547,,,,,,,,,,,,,,,,,,,0.006172675173729658,0.008786601945757866,0.0497710220515728,0.09619171172380447,0.0,0.0,0.0,0.0,0.02229330688714981
155,28547,,,,,,,,,,0.006180010735988617,0.00901573896408081,0.04511705040931702,0.06752005219459534,0.0,0.0,0.0,0.0,0.004690265748649836,,,,,,,,,
156,28730,,,,,,,,,,,,,,,,,,,0.005706591997295618,0.008350673131644726,0.04981641098856926,0.09603475034236908,0.0,0.0,0.0,0.0,0.022160200402140617
156,28730,,,,,,,,,,0.006346574518829584,0.009250050410628319,0.04519272223114967,0.06748388707637787,0.0,0.0,0.0,0.0,0.004689788445830345,,,,,,,,,
157,28913,,,,,,,,,,,,,,,,,,,0.005978248547762632,0.008848781697452068,0.0500452034175396,0.09621676802635193,0.0,0.0,0.0,0.0,0.022292857989668846
157,28913,,,,,,,,,,0.006536733824759722,0.009416092187166214,0.045538827776908875,0.0677962675690651,0.0,0.0,0.0,0.0,0.004733547102659941,,,,,,,,,
158,29096,,,,,,,,,,,,,,,,,,,0.0068042585626244545,0.009853484109044075,0.05117299035191536,0.09685967862606049,0.0,0.0,0.0,0.0,0.021953316405415535
158,29096,,,,,,,,,,0.006835596170276403,0.009605038911104202,0.045610733330249786,0.06765249371528625,0.0,0.0,0.0,0.0,0.004720833618193865,,,,,,,,,
159,29279,,,,,,,,,,,,,,,,,,,0.005894434172660112,0.00871314201503992,0.050365205854177475,0.09618353843688965,0.0,0.0,0.0,0.0,0.022238576784729958
159,29279,,,,,,,,,,0.0072881304658949375,0.010025088675320148,0.04586755856871605,0.06784973293542862,0.0,0.0,0.0,0.0,0.004752802196890116,,,,,,,,,
160,29462,,,,,,,,,,,,,,,,,,,0.0058138566091656685,0.008718450553715229,0.050862252712249756,0.0967082753777504,0.0,0.0,0.0,0.0,0.022732041776180267
160,29462,,,,,,,,,,0.007252653129398823,0.009964934550225735,0.04596154764294624,0.06771766394376755,0.0,0.0,0.0,0.0,0.0047327145002782345,,,,,,,,,
161,29645,,,,,,,,,,,,,,,,,,,0.008096526376903057,0.010402287356555462,0.051233574748039246,0.09641937166452408,0.0,0.0,0.0,0.0,0.02217119000852108
161,29645,,,,,,,,,,0.007882855832576752,0.010421279817819595,0.046251945197582245,0.06797407567501068,0.0,0.0,0.0,0.0,0.004778721835464239,,,,,,,,,
162,29828,,,,,,,,,,,,,,,,,,,0.013302159495651722,0.015166970901191235,0.05076354742050171,0.09732085466384888,0.0,0.0,0.0,0.0,0.02380821481347084
162,29828,,,,,,,,,,0.009484432637691498,0.01215165201574564,0.04717307165265083,0.06909319013357162,0.0,0.0,0.0,0.0,0.005011518951505423,,,,,,,,,
163,30011,,,,,,,,,,,,,,,,,,,0.01000600028783083,0.012887499295175076,0.05279386043548584,0.09996110200881958,0.0,0.0,0.0,0.0,0.024310974404215813
163,30011,,,,,,,,,,0.009509365074336529,0.012046474032104015,0.047665927559137344,0.06934549659490585,0.0,0.0,0.0,0.0,0.005020023323595524,,,,,,,,,
164,30194,,,,,,,,,,,,,,,,,,,0.010662992484867573,0.011938839219510555,0.05121512711048126,0.09546307474374771,0.0,0.0,0.0,0.0,0.021233364939689636
164,30194,,,,,,,,,,0.00835313182324171,0.010949363932013512,0.046638041734695435,0.06813345104455948,0.0,0.0,0.0,0.0,0.004813813138753176,,,,,,,,,
165,30377,,,,,,,,,,,,,,,,,,,0.01091070007532835,0.012940649874508381,0.05033933371305466,0.0924462229013443,0.0,0.0,0.0,0.0,0.018530825152993202
165,30377,,,,,,,,,,0.009936136193573475,0.01248292624950409,0.04838503152132034,0.07018449157476425,0.0,0.0,0.0,0.0,0.005183706525713205,,,,,,,,,
166,30560,,,,,,,,,,,,,,,,,,,0.016525182873010635,0.02605673111975193,0.06871172040700912,0.12073742598295212,0.0,0.0,0.0,0.0,0.030597131699323654
166,30560,,,,,,,,,,0.011303375475108624,0.013958554714918137,0.05120385065674782,0.0745234340429306,0.0,0.0,0.0,0.0,0.005942140240222216,,,,,,,,,
167,30743,,,,,,,,,,,,,,,,,,,0.010040334425866604,0.012278759852051735,0.05034312605857849,0.09534447640180588,0.0,0.0,0.0,0.0,0.021920325234532356
167,30743,,,,,,,,,,0.010758047923445702,0.013710997998714447,0.0518939234316349,0.07486167550086975,0.0,0.0,0.0,0.0,0.005974680185317993,,,,,,,,,
168,30926,,,,,,,,,,,,,,,,,,,0.00669880211353302,0.010433132760226727,0.0515187531709671,0.0979095846414566,0.0,0.0,0.0,0.0,0.022618800401687622
168,30926,,,,,,,,,,0.012126891873776913,0.014712514355778694,0.04861386865377426,0.0706733763217926,0.0,0.0,0.0,0.0,0.005379932001233101,,,,,,,,,
169,31109,,,,,,,,,,,,,,,,,,,0.009547987952828407,0.01174932811409235,0.053408168256282806,0.09618299454450607,0.0,0.0,0.0,0.0,0.019762147217988968
169,31109,,,,,,,,,,0.010708319954574108,0.013494549319148064,0.05002367123961449,0.07244245707988739,0.0,0.0,0.0,0.0,0.005532801151275635,,,,,,,,,
170,31292,,,,,,,,,,,,,,,,,,,0.013150578364729881,0.014247356913983822,0.053667981177568436,0.09899868071079254,0.0,0.0,0.0,0.0,0.02403520792722702
170,31292,,,,,,,,,,0.011180931702256203,0.013785450719296932,0.049399953335523605,0.07147232443094254,0.0,0.0,0.0,0.0,0.005399876739829779,,,,,,,,,
171,31475,,,,,,,,,,,,,,,,,,,0.008542061783373356,0.011050032451748848,0.0541735403239727,0.10170938074588776,0.0,0.0,0.0,0.0,0.025891389697790146
171,31475,,,,,,,,,,0.014742285944521427,0.017502477392554283,0.05215132609009743,0.07510501891374588,0.0,0.0,0.0,0.0,0.006124145817011595,,,,,,,,,
172,31658,,,,,,,,,,,,,,,,,,,0.007406961638480425,0.010498343966901302,0.06101241335272789,0.11207680404186249,0.0,0.0,0.0,0.0,0.03168518468737602
172,31658,,,,,,,,,,0.013540666550397873,0.01677386648952961,0.054786019027233124,0.07865965366363525,0.0,0.0,0.0,0.0,0.006919420324265957,,,,,,,,,
173,31841,,,,,,,,,,,,,,,,,,,0.020362457260489464,0.023996159434318542,0.06337741017341614,0.11127964407205582,0.0,0.0,0.0,0.0,0.024405833333730698
173,31841,,,,,,,,,,0.02385983057320118,0.028617914766073227,0.06932800263166428,0.10100705921649933,0.0,0.0,0.0,0.0,0.013195911422371864,,,,,,,,,
174,32024,,,,,,,,,,,,,,,,,,,0.005942658521234989,0.010279178619384766,0.05357467010617256,0.10237286239862442,0.0,0.0,0.0,0.0,0.027743611484766006
174,32024,,,,,,,,,,0.012088356539607048,0.015522978268563747,0.05338111147284508,0.07802283018827438,0.0,0.0,0.0,0.0,0.00658011669293046,,,,,,,,,
175,32207,,,,,,,,,,,,,,,,,,,0.009400840848684311,0.011654692701995373,0.050757333636283875,0.09884648025035858,0.0,0.0,0.0,0.0,0.0268141757696867
175,32207,,,,,,,,,,0.011586310341954231,0.014260032214224339,0.048810262233018875,0.07075637578964233,0.0,0.0,0.0,0.0,0.005311500746756792,,,,,,,,,
176,32390,,,,,,,,,,,,,,,,,,,0.0058968220837414265,0.009100786410272121,0.051915887743234634,0.09839184582233429,0.0,0.0,0.0,0.0,0.024776356294751167
176,32390,,,,,,,,,,0.011546258814632893,0.01420142874121666,0.04869316890835762,0.07049136608839035,0.0,0.0,0.0,0.0,0.005296438466757536,,,,,,,,,
177,32573,,,,,,,,,,,,,,,,,,,0.007808109745383263,0.010774228721857071,0.05844821408390999,0.10726101696491241,0.0,0.0,0.0,0.0,0.025658780708909035
177,32573,,,,,,,,,,0.014063496142625809,0.01674414984881878,0.0520455464720726,0.07484643161296844,0.0,0.0,0.0,0.0,0.006094177719205618,,,,,,,,,
178,32756,,,,,,,,,,,,,,,,,,,0.01585710607469082,0.019563989713788033,0.06099017336964607,0.10373871773481369,0.0,0.0,0.0,0.0,0.01913037709891796
178,32756,,,,,,,,,,0.0174541138112545,0.020610231906175613,0.055619314312934875,0.07996471971273422,0.0,0.0,0.0,0.0,0.007154642604291439,,,,,,,,,
179,32939,,,,,,,,,,,,,,,,,,,0.007401883602142334,0.011458558030426502,0.05713145434856415,0.10088936239480972,0.0,0.0,0.0,0.0,0.02059663087129593
179,32939,,,,,,,,,,0.020858652889728546,0.025295378640294075,0.07062975317239761,0.10325337201356888,0.0,0.0,0.0,0.0,0.013033521361649036,,,,,,,,,
180,33122,,,,,,,,,,,,,,,,,,,0.008207415230572224,0.012011262588202953,0.060802310705184937,0.09933899343013763,0.0,0.0,0.0,0.0,0.015999536961317062
180,33122,,,,,,,,,,0.014267093501985073,0.017282605171203613,0.05595538765192032,0.08088129013776779,0.0,0.0,0.0,0.0,0.007185797207057476,,,,,,,,,
181,33305,,,,,,,,,,,,,,,,,,,0.04485004022717476,0.04730396717786789,0.07325959205627441,0.12639981508255005,0.0,0.0,0.0,0.0,0.033713918179273605
181,33305,,,,,,,,,,0.018848415464162827,0.022784292697906494,0.0655781626701355,0.09549620747566223,0.0,0.0,0.0,0.0,0.010529705323278904,,,,,,,,,
182,33488,,,,,,,,,,,,,,,,,,,0.033585164695978165,0.03541848808526993,0.06459738314151764,0.11249836534261703,0.0,0.0,0.0,0.0,0.02771132066845894
182,33488,,,,,,,,,,0.017631756141781807,0.021003345027565956,0.057803843170404434,0.08466776460409164,0.0,0.0,0.0,0.0,0.008264780044555664,,,,,,,,,
183,33671,,,,,,,,,,,,,,,,,,,0.008203055709600449,0.011291061528027058,0.053298432379961014,0.09833858907222748,0.0,0.0,0.0,0.0,0.02205461822450161
183,33671,,,,,,,,,,0.021006612107157707,0.025828693062067032,0.06871441006660461,0.10098317265510559,0.0,0.0,0.0,0.0,0.012321531772613525,,,,,,,,,
184,33854,,,,,,,,,,,,,,,,,,,0.01858985796570778,0.022556858137249947,0.0763717070221901,0.1409369856119156,0.0,0.0,0.0,0.0,0.04565170779824257
184,33854,,,,,,,,,,0.014505884610116482,0.01753801666200161,0.0529794879257679,0.07848075777292252,0.0,0.0,0.0,0.0,0.007198894862085581,,,,,,,,,
185,34037,,,,,,,,,,,,,,,,,,,0.014159153215587139,0.01965443417429924,0.0820641741156578,0.13987113535404205,0.0,0.0,0.0,0.0,0.034092869609594345
185,34037,,,,,,,,,,0.03187963739037514,0.03790811449289322,0.09668438881635666,0.1433183252811432,0.0,0.0,0.0,0.0,0.027076417580246925,,,,,,,,,
186,34220,,,,,,,,,,,,,,,,,,,0.008937833830714226,0.013189963065087795,0.06292960792779922,0.11613360047340393,0.0,0.0,0.0,0.0,0.032228775322437286
186,34220,,,,,,,,,,0.01801830343902111,0.022625505924224854,0.07011497020721436,0.10320757329463959,0.0,0.0,0.0,0.0,0.012097700498998165,,,,,,,,,
187,34403,,,,,,,,,,,,,,,,,,,0.023943502455949783,0.02783455140888691,0.09197918325662613,0.14682509005069733,0.0,0.0,0.0,0.0,0.03533567115664482
187,34403,,,,,,,,,,0.013630934059619904,0.017791911959648132,0.05922782048583031,0.08703034371137619,0.0,0.0,0.0,0.0,0.008614253252744675,,,,,,,,,
188,34586,,,,,,,,,,,,,,,,,,,0.008906924165785313,0.011605599895119667,0.056180328130722046,0.1007349044084549,0.0,0.0,0.0,0.0,0.02121080458164215
188,34586,,,,,,,,,,0.015353254973888397,0.019602200016379356,0.06775648146867752,0.09903204441070557,0.0,0.0,0.0,0.0,0.011407884769141674,,,,,,,,,
189,34769,,,,,,,,,,,,,,,,,,,0.019331449642777443,0.021586237475275993,0.058534711599349976,0.10255739837884903,0.0,0.0,0.0,0.0,0.022213242948055267
189,34769,,,,,,,,,,0.012969731353223324,0.016103055328130722,0.05176394060254097,0.07547201961278915,0.0,0.0,0.0,0.0,0.006124791689217091,,,,,,,,,
190,34952,,,,,,,,,,,,,,,,,,,0.040171198546886444,0.04433063045144081,0.079103983938694,0.14067503809928894,0.0,0.0,0.0,0.0,0.043606795370578766
190,34952,,,,,,,,,,0.015815231949090958,0.019080564379692078,0.05363750085234642,0.07846149057149887,0.0,0.0,0.0,0.0,0.006875720806419849,,,,,,,,,
191,35135,,,,,,,,,,,,,,,,,,,0.013638279400765896,0.017330415546894073,0.0626203715801239,0.11569996178150177,0.0,0.0,0.0,0.0,0.032273177057504654
191,35135,,,,,,,,,,0.025999847799539566,0.03107527084648609,0.07407937198877335,0.10868356376886368,0.0,0.0,0.0,0.0,0.01457881648093462,,,,,,,,,
192,35318,,,,,,,,,,,,,,,,,,,0.008550921455025673,0.01159471832215786,0.05538013577461243,0.11321215331554413,0.0,0.0,0.0,0.0,0.041534580290317535
192,35318,,,,,,,,,,0.0189424566924572,0.022805264219641685,0.06323056668043137,0.09252841770648956,0.0,0.0,0.0,0.0,0.009825718589127064,,,,,,,,,
193,35501,,,,,,,,,,,,,,,,,,,0.013515036553144455,0.01738646999001503,0.05610150471329689,0.1071065291762352,0.0,0.0,0.0,0.0,0.03066927008330822
193,35501,,,,,,,,,,0.02303188107907772,0.026800498366355896,0.0636644959449768,0.09448854625225067,0.0,0.0,0.0,0.0,0.010622077621519566,,,,,,,,,
194,35684,,,,,,,,,,,,,,,,,,,0.00734007079154253,0.010480158030986786,0.0512748584151268,0.09853550046682358,0.0,0.0,0.0,0.0,0.02531111240386963
194,35684,,,,,,,,,,0.011319264769554138,0.014592088758945465,0.05375225469470024,0.07897239178419113,0.0,0.0,0.0,0.0,0.006719318218529224,,,,,,,,,
195,35867,,,,,,,,,,,,,,,,,,,0.010786330327391624,0.014424783177673817,0.06342676281929016,0.11267079412937164,0.0,0.0,0.0,0.0,0.02742755226790905
195,35867,,,,,,,,,,0.010985580272972584,0.013778273947536945,0.048678819090127945,0.07036629319190979,0.0,0.0,0.0,0.0,0.005233515053987503,,,,,,,,,
196,36050,,,,,,,,,,,,,,,,,,,0.005665203556418419,0.009213035926222801,0.04988953471183777,0.0937165915966034,0.0,0.0,0.0,0.0,0.02148403786122799
196,36050,,,,,,,,,,0.01494296919554472,0.01777031645178795,0.0513717457652092,0.07364905625581741,0.0,0.0,0.0,0.0,0.0058993082493543625,,,,,,,,,
197,36233,,,,,,,,,,,,,,,,,,,0.011879337951540947,0.01433372963219881,0.062161169946193695,0.10952498018741608,0.0,0.0,0.0,0.0,0.025297457352280617
197,36233,,,,,,,,,,0.016407879069447517,0.019276244565844536,0.05124333128333092,0.07341405749320984,0.0,0.0,0.0,0.0,0.0059300134889781475,,,,,,,,,
198,36416,,,,,,,,,,,,,,,,,,,0.01617208682000637,0.018060382455587387,0.056299611926078796,0.10133790224790573,0.0,0.0,0.0,0.0,0.02394700236618519
198,36416,,,,,,,,,,0.014950810931622982,0.018057409673929214,0.05404261127114296,0.07735906541347504,0.0,0.0,0.0,0.0,0.0064673214219510555,,,,,,,,,
199,36599,,,,,,,,,,,,,,,,,,,0.08071941882371902,0.08615890145301819,0.16133935749530792,0.2545281946659088,0.0,0.0,0.0,0.0,0.09092334657907486
199,36599,,,,,,,,,,0.035616908222436905,0.04267532378435135,0.08061933517456055,0.11803500354290009,0.0,0.0,0.0,0.0,0.02390122041106224,,,,,,,,,
200,36600,0.07984905689954758,0.08515193313360214,0.15613290667533875,0.22370707988739014,0.0,0.0,0.0,0.0,0.05755721405148506,,,,,,,,,,,,,,,,,,
200,36600,0.07981570810079575,0.08532297611236572,0.15429574251174927,0.22363625466823578,0.0,0.0,0.0,0.0,0.05845766142010689,,,,,,,,,,,,,,,,,,
200,36600,0.08071941882371902,0.08615890145301819,0.16133935749530792,0.2545281946659088,0.0,0.0,0.0,0.0,0.09092334657907486,,,,,,,,,,,,,,,,,,
200,36600,0.07984905689954758,0.08515194058418274,0.15613290667533875,0.22370707988739014,0.0,0.0,0.0,0.0,0.05755721405148506,,,,,,,,,,,,,,,,,,
